"fragment";"capture"
1;"PEMA"
1;"SOBE"
1;"SOMO"
1;"PEMA"
1;"PEMA"
1;"SOBE"
1;"SOBE"
1;"SOBE"
1;"SOBE"
1;"PEMA"
1;"SOBE"
1;"PEMA"
1;"SOBE"
1;"SOMO"
1;"SOBE"
1;"SOMO"
1;"PEMA"
1;"PEMA"
1;"PEMA"
1;"SOMO"
1;"SOMO"
1;"SOMO"
1;"SOBE"
1;"SOMO"
1;"PEMA"
1;"SOBE"
1;"PEMA"
1;"SOBE"
1;"SOMO"
1;"SOBE"
1;"PEMA"
1;"SOBE"
1;"PEMA"
1;"SOMO"
1;"SOMO"
1;"PEMA"
1;"SOBE"
1;"SOBE"
1;"PEMA"
1;"PEMA"
1;"SOBE"
1;"PEMA"
1;"SOMO"
1;"PEMA"
1;"SOBE"
1;"PEMA"
1;"SOBE"
1;"PEMA"
1;"SOMO"
1;"SOBE"
1;"PEMA"
1;"SOMO"
1;"PEMA"
1;"SOBE"
1;"SOBE"
1;"PEMA"
1;"PEMA"
1;"PEMA"
1;"SOBE"
1;"SOMO"
1;"SOBE"
1;"SOMO"
1;"SOBE"
1;"SOBE"
1;"SOMO"
1;"SOMO"
2;"PEMA"
2;"SOVA"
2;"PEMA"
2;"PEMA"
2;"SOVA"
2;"PEMA"
2;"PEMA"
2;"SOVA"
2;"PEMA"
2;"PEMA"
2;"SOVA"
2;"PEMA"
2;"SOVA"
2;"PEMA"
2;"SOVA"
2;"PEMA"
2;"PEMA"
2;"PEMA"
2;"SOVA"
2;"PEMA"
2;"PEMA"
2;"PEMA"
2;"SOVA"
2;"SOVA"
2;"SOVA"
2;"SOVA"
2;"PEMA"
2;"SOVA"
2;"PEMA"
2;"PEMA"
2;"SOVA"
2;"SOVA"
2;"SOVA"
2;"SOVA"
2;"SOVA"
2;"SOVA"
2;"PEMA"
2;"SOVA"
3;"SOTR"
3;"TATO"
3;"TADO"
3;"SOTR"
3;"SOVA"
3;"SOVA"
3;"TADO"
3;"TADO"
3;"SOBE"
3;"SOBE"
3;"SOBE"
3;"TATO"
4;"PEMA"
4;"SOVA"
4;"MUER"
4;"PEOR"
4;"SOVA"
4;"SOVA"
4;"SOVA"
4;"SOVA"
4;"PEOR"
4;"MUER"
4;"PEMA"
4;"PEOR"
4;"SOVA"
4;"PEOR"
4;"PEMA"
4;"PEMA"
4;"MUER"
4;"PEMA"
4;"SOVA"
4;"PEOR"
4;"PEOR"
4;"MUER"
4;"SOVA"
4;"SOVA"
4;"PEMA"
4;"PEOR"
4;"MUER"
5;"APRU"
5;"MUER"
5;"MUER"
5;"CLGA"
5;"NEGI"
5;"APRU"
5;"MUER"
5;"MUER"
5;"MUER"
5;"PEMA"
5;"MUER"
5;"APRU"
5;"PEMA"
5;"CLGA"
5;"NEGI"
5;"MUER"
5;"PEMA"
5;"SOMO"
5;"GLSA"
5;"PEMA"
5;"APRU"
5;"MILO"
5;"APRU"
5;"TATO"
5;"PEMA"
6;"CLGA"
6;"PEOR"
6;"SOMO"
6;"PEOR"
7;"TADO"
7;"TADO"
7;"SOBE"
7;"TADO"
7;"SPPU"
7;"ODHE"
7;"APRU"
7;"SOBE"
7;"TADO"
7;"SOMO"
7;"SPPU"
7;"TADO"
7;"SPPU"
7;"SOBE"
7;"APRU"
7;"SPPU"
7;"TADO"
7;"LYRU"
7;"SPPU"
7;"APRU"
7;"SPPU"
7;"SPPU"
7;"SOMO"
7;"SPPU"
7;"SOMO"
7;"ODHE"
7;"LYRU"
7;"SPPU"
7;"PEMA"
7;"APRU"
7;"TADO"
7;"TADO"
7;"APRU"
7;"SPPU"
7;"TADO"
7;"ODHE"
7;"SOBE"
7;"ODHE"
7;"TADO"
7;"TADO"
7;"TADO"
7;"SOMO"
7;"SOBE"
7;"SPPU"
7;"TADO"
7;"ODHE"
7;"SPPU"
7;"SOBE"
7;"ODHE"
8;"GLSA"
8;"TADO"
8;"TADO"
8;"TADO"
8;"TADO"
8;"TADO"
8;"ODHE"
8;"SOTR"
8;"TADO"
8;"ODHE"
8;"SOBE"
8;"TADO"
8;"ODHE"
8;"TADO"
8;"TATO"
8;"SOBE"
8;"SOBE"
8;"TADO"
8;"SOTR"
8;"TADO"
8;"SOTR"
8;"TATO"
8;"SOBE"
8;"TADO"
8;"TADO"
8;"SOBE"
8;"TADO"
8;"TADO"
8;"SOBE"
8;"ODHE"
8;"TATO"
8;"SOBE"
8;"ODHE"
9;"MILO"
9;"URAM"
9;"PEMA"
9;"PEMA"
9;"SOMO"
9;"PEMA"
9;"NEGI"
9;"SOTR"
9;"PEMA"
9;"SOMO"
9;"MILO"
9;"NEGI"
9;"SOMO"
9;"SOMO"
9;"NEGI"
9;"URAM"
9;"PEOR"
9;"URAM"
9;"SOMO"
9;"URAM"
9;"MILO"
9;"PEMA"
9;"URAM"
9;"MILO"
9;"PEMA"
9;"PEOR"
9;"MILO"
9;"URAM"
9;"URAM"
9;"MILO"
9;"SOTR"
9;"URAM"
9;"SOTR"
9;"URAM"
9;"URAM"
9;"NEGI"
10;"SOBE"
10;"SPPU"
10;"SOMO"
10;"URAM"
10;"SOBE"
10;"SOBE"
10;"SPPU"
10;"SOMO"
10;"GLSA"
10;"SOMO"
10;"SOBE"
10;"SPPU"
10;"SOMO"
10;"URAM"
10;"SOMO"
10;"SOBE"
10;"GLSA"
10;"SPPU"
10;"SPPU"
10;"URAM"
10;"SOMO"
10;"SOBE"
10;"URAM"
10;"SOMO"
10;"SOMO"
10;"MUER"
10;"GLSA"
10;"SOMO"
10;"SOMO"
10;"SPPU"
10;"GLSA"
10;"SOBE"
10;"GLSA"
10;"GLSA"
10;"MUER"
10;"GLSA"
10;"SOBE"
10;"SOMO"
10;"SOMO"
10;"SPPU"
10;"SOMO"
10;"SOMO"
10;"SOBE"
11;"PEOR"
11;"SPPU"
11;"PEOR"
11;"SPPU"
11;"CLGA"
11;"SOVA"
11;"URAM"
11;"SOVA"
11;"URAM"
11;"SPPU"
11;"PEOR"
11;"PEOR"
11;"SOVA"
11;"URAM"
11;"SPPU"
11;"PEOR"
11;"SOVA"
11;"URAM"
11;"URAM"
11;"SPPU"
11;"PEOR"
11;"SOVA"
11;"PEOR"
11;"CLGA"
11;"PEOR"
11;"SOVA"
11;"SPPU"
11;"SPPU"
11;"CLGA"
11;"URAM"
11;"PEOR"
11;"SOVA"
11;"PEOR"
11;"SPPU"
11;"SPPU"
11;"SOVA"
11;"PEOR"
11;"URAM"
11;"PEOR"
11;"PEOR"
11;"PEOR"
11;"SPPU"
11;"SPPU"
11;"URAM"
11;"CLGA"
11;"PEOR"
11;"CLGA"
11;"URAM"
11;"SOVA"
11;"SOVA"
11;"SOVA"
11;"URAM"
11;"SOVA"
11;"SOVA"
11;"URAM"
11;"SPPU"
11;"CLGA"
11;"SPPU"
12;"SPPU"
12;"MUER"
12;"SPPU"
12;"MUER"
12;"APRU"
12;"MUER"
12;"SPPU"
12;"SPPU"
12;"APRU"
12;"MUER"
12;"APRU"
12;"SPPU"
12;"APRU"
12;"MUER"
12;"APRU"
12;"APRU"
12;"SPPU"
12;"MUER"
12;"APRU"
12;"APRU"
12;"APRU"
12;"APRU"
12;"MUER"
12;"SPPU"
12;"APRU"
12;"MUER"
12;"SPPU"
12;"APRU"
12;"MUER"
12;"APRU"
12;"SPPU"
12;"MUER"
12;"APRU"
12;"APRU"
12;"MUER"
12;"APRU"
12;"SPPU"
12;"APRU"
12;"SPPU"
12;"MUER"
12;"MUER"
12;"APRU"
12;"MUER"
12;"MUER"
12;"SPPU"
12;"MUER"
12;"APRU"
12;"MUER"
12;"SPPU"
12;"APRU"
12;"SPPU"
12;"MUER"
12;"MUER"
12;"MUER"
12;"SPPU"
12;"MUER"
12;"APRU"
12;"MUER"
12;"APRU"
12;"SPPU"
12;"MUER"
12;"APRU"
12;"MUER"
12;"SPPU"
12;"SPPU"
12;"MUER"
12;"MUER"
12;"MUER"
12;"MUER"
12;"MUER"
12;"MUER"
12;"MUER"
12;"MUER"
13;"MUER"
13;"TADO"
13;"TADO"
13;"PEMA"
13;"TADO"
13;"TADO"
13;"PEMA"
13;"MUER"
13;"PEOR"
13;"PEOR"
13;"PEMA"
13;"PEOR"
13;"PEOR"
13;"MUER"
13;"PEOR"
13;"PEOR"
13;"MUER"
13;"PEOR"
13;"PEMA"
13;"TADO"
13;"PEOR"
13;"TADO"
13;"PEOR"
13;"PEOR"
13;"MUER"
13;"PEMA"
13;"PEMA"
13;"PEOR"
13;"TADO"
14;"TADO"
14;"URAM"
14;"PEMA"
14;"PEMA"
14;"CLGA"
14;"LYRU"
14;"PEMA"
14;"CLGA"
14;"CLGA"
14;"TADO"
14;"URAM"
14;"CLGA"
14;"NEGI"
14;"TATO"
14;"CLGA"
14;"TATO"
14;"TADO"
14;"PEMA"
14;"LYRU"
14;"TATO"
14;"CLGA"
14;"LYRU"
14;"NEGI"
15;"URAM"
15;"URAM"
15;"NEGI"
15;"URAM"
15;"CLGA"
15;"CLGA"
15;"NEGI"
15;"NEGI"
15;"NEGI"
15;"NEGI"
15;"CLGA"
15;"CLGA"
16;"SOVA"
16;"SOVA"
16;"SOVA"
16;"SOVA"
16;"CLGA"
16;"CLGA"
16;"SOTR"
16;"CLGA"
16;"SOTR"
16;"CLGA"
16;"SOTR"
16;"SOTR"
16;"CLGA"
16;"SOTR"
16;"CLGA"
16;"CLGA"
16;"SOVA"
16;"SOTR"
16;"SOVA"
16;"SOTR"
16;"CLGA"
16;"CLGA"
16;"CLGA"
16;"SOTR"
16;"SOTR"
16;"SOTR"
16;"CLGA"
16;"SOVA"
16;"CLGA"
16;"CLGA"
16;"CLGA"
16;"CLGA"
16;"SOVA"
16;"SOVA"
16;"CLGA"
16;"SOVA"
17;"SOBE"
17;"SOTR"
17;"NEGI"
17;"NEGI"
17;"CLGA"
17;"SOTR"
17;"URAM"
17;"NEGI"
17;"SOTR"
17;"NEGI"
17;"MILO"
17;"NEGI"
17;"URAM"
17;"GLSA"
17;"NEGI"
17;"LYRU"
17;"MUER"
17;"SOTR"
17;"CLGA"
17;"NEGI"
17;"SOBE"
17;"MUER"
17;"URAM"
17;"NEGI"
17;"NEGI"
17;"SOBE"
17;"SOTR"
17;"GLSA"
17;"LYRU"
17;"MILO"
17;"SOBE"
17;"NEGI"
17;"LYRU"
17;"TADO"
17;"LYRU"
17;"NEGI"
17;"SOBE"
17;"LYRU"
17;"GLSA"
17;"NEGI"
17;"TADO"
17;"NEGI"
17;"CLGA"
17;"NEGI"
17;"SOTR"
17;"NEGI"
17;"LYRU"
17;"NEGI"
17;"SOTR"
18;"TATO"
18;"SPPU"
18;"TATO"
18;"SPPU"
18;"ODHE"
18;"SPPU"
18;"TATO"
18;"TATO"
18;"SPPU"
18;"SPPU"
18;"ODHE"
18;"ODHE"
18;"ODHE"
18;"SPPU"
18;"TATO"
18;"ODHE"
18;"SPPU"
18;"SPPU"
18;"TATO"
18;"SPPU"
18;"ODHE"
18;"TATO"
18;"TATO"
18;"ODHE"
18;"ODHE"
18;"ODHE"
18;"SPPU"
18;"ODHE"
18;"ODHE"
19;"SOMO"
19;"PEOR"
19;"PEOR"
19;"APRU"
19;"SPPU"
19;"APRU"
19;"SOMO"
19;"PEOR"
19;"APRU"
19;"SOTR"
19;"TADO"
19;"PEOR"
19;"TADO"
19;"SOTR"
19;"SPPU"
19;"SOTR"
19;"SOVA"
19;"SPPU"
19;"SOTR"
19;"SOTR"
19;"SOMO"
19;"PEOR"
19;"SOMO"
19;"SOTR"
19;"SOVA"
19;"SOVA"
19;"APRU"
19;"SOMO"
19;"SOMO"
19;"PEOR"
19;"SOTR"
19;"TADO"
19;"SOMO"
19;"SOVA"
19;"SOTR"
19;"SPPU"
19;"PEOR"
19;"SOTR"
19;"SOTR"
19;"SOVA"
19;"SPPU"
19;"SPPU"
19;"TADO"
19;"SOVA"
19;"TADO"
19;"SOVA"
19;"SOMO"
19;"SOTR"
19;"APRU"
19;"SOTR"
19;"SPPU"
19;"SOMO"
20;"SOBE"
20;"CLGA"
20;"PEMA"
20;"CLGA"
20;"SOVA"
20;"SOBE"
20;"APRU"
20;"SOVA"
20;"URAM"
20;"URAM"
20;"SOBE"
20;"PEOR"
20;"PEOR"
20;"TATO"
20;"ODHE"
20;"PEOR"
20;"CLGA"
20;"APRU"
20;"PEOR"
21;"SOTR"
21;"PEMA"
21;"GLSA"
21;"LYRU"
21;"SOTR"
21;"APRU"
21;"APRU"
21;"GLSA"
21;"APRU"
21;"CLGA"
21;"CLGA"
21;"LYRU"
21;"CLGA"
21;"CLGA"
21;"SOTR"
21;"ODHE"
21;"LYRU"
21;"SOTR"
21;"ODHE"
21;"APRU"
21;"APRU"
21;"GLSA"
21;"PEMA"
21;"SOTR"
21;"CLGA"
21;"APRU"
21;"APRU"
21;"GLSA"
21;"PEMA"
21;"PEMA"
21;"CLGA"
21;"CLGA"
21;"APRU"
21;"PEMA"
21;"CLGA"
21;"GLSA"
21;"GLSA"
21;"LYRU"
21;"GLSA"
21;"GLSA"
21;"LYRU"
21;"SOTR"
21;"APRU"
21;"SOTR"
21;"PEMA"
21;"SOTR"
21;"CLGA"
21;"APRU"
22;"SOTR"
22;"SOTR"
22;"SOTR"
22;"SOTR"
22;"SOTR"
22;"SOTR"
22;"SOTR"
22;"SOTR"
22;"SOTR"
22;"SOTR"
22;"SOTR"
22;"SOTR"
22;"SOTR"
22;"SOTR"
22;"SOTR"
22;"SOTR"
22;"SOTR"
22;"SOTR"
22;"SOTR"
22;"SOTR"
22;"SOTR"
22;"SOTR"
22;"SOTR"
22;"SOTR"
22;"SOTR"
22;"SOTR"
22;"SOTR"
22;"SOTR"
23;"GLSA"
23;"PEMA"
23;"SOMO"
23;"PEOR"
23;"PEMA"
23;"SPPU"
23;"PEMA"
23;"GLSA"
23;"NEGI"
23;"PEMA"
23;"NEGI"
23;"PEOR"
23;"NEGI"
23;"GLSA"
23;"GLSA"
23;"ODHE"
23;"APRU"
23;"SOBE"
23;"ODHE"
23;"GLSA"
23;"SPPU"
23;"GLSA"
23;"GLSA"
23;"NEGI"
23;"PEOR"
24;"PEMA"
24;"SOTR"
24;"SOTR"
24;"SOTR"
24;"SOTR"
24;"SOTR"
24;"SOTR"
24;"SOTR"
24;"PEMA"
24;"SOTR"
24;"SOVA"
24;"URAM"
24;"SOTR"
24;"URAM"
24;"SOTR"
24;"SOTR"
24;"SOTR"
24;"URAM"
24;"PEMA"
24;"SOTR"
24;"SOVA"
24;"PEMA"
24;"PEMA"
24;"SOTR"
24;"SOTR"
24;"SOTR"
24;"SOTR"
24;"PEMA"
24;"SOTR"
25;"PEMA"
25;"PEMA"
25;"SOBE"
25;"APRU"
25;"ODHE"
25;"ODHE"
25;"PEMA"
25;"PEMA"
25;"APRU"
25;"URAM"
25;"SOBE"
25;"CLGA"
25;"PEMA"
25;"URAM"
25;"GLSA"
25;"ODHE"
25;"ODHE"
25;"GLSA"
25;"PEMA"
26;"MILO"
26;"MILO"
26;"MILO"
26;"MILO"
26;"SOMO"
26;"SOMO"
26;"SOMO"
26;"SOMO"
26;"MILO"
26;"MILO"
26;"SOMO"
26;"SOMO"
26;"MILO"
26;"MILO"
26;"MILO"
26;"MILO"
26;"SOMO"
26;"SOMO"
26;"MILO"
26;"SOMO"
26;"SOMO"
26;"SOMO"
26;"SOMO"
26;"SOMO"
26;"SOMO"
26;"MILO"
26;"MILO"
26;"MILO"
27;"SOVA"
27;"MILO"
27;"CLGA"
27;"CLGA"
27;"SOMO"
27;"CLGA"
27;"CLGA"
27;"SOMO"
27;"NEGI"
27;"APRU"
27;"TATO"
27;"TATO"
27;"ODHE"
27;"CLGA"
27;"TATO"
27;"CLGA"
27;"SOTR"
27;"CLGA"
27;"SOVA"
27;"MILO"
27;"SOVA"
27;"MILO"
27;"SOMO"
27;"CLGA"
27;"CLGA"
27;"SOMO"
27;"NEGI"
27;"SOMO"
27;"TADO"
27;"MILO"
27;"ODHE"
27;"CLGA"
27;"SOMO"
27;"SOVA"
27;"MILO"
27;"TATO"
27;"SOMO"
27;"MUER"
27;"SOTR"
27;"SOVA"
27;"MUER"
27;"MUER"
27;"ODHE"
27;"ODHE"
27;"SOMO"
27;"SOMO"
27;"TATO"
27;"SOVA"
28;"ODHE"
28;"NEGI"
28;"LYRU"
28;"MUER"
28;"MUER"
28;"ODHE"
28;"NEGI"
28;"MUER"
28;"LYRU"
28;"NEGI"
28;"LYRU"
28;"ODHE"
28;"NEGI"
28;"ODHE"
28;"NEGI"
28;"ODHE"
28;"LYRU"
28;"MUER"
28;"NEGI"
28;"NEGI"
28;"ODHE"
28;"CLGA"
28;"SOBE"
28;"NEGI"
28;"SOBE"
28;"ODHE"
28;"CLGA"
28;"MUER"
28;"CLGA"
28;"MUER"
28;"SOBE"
28;"NEGI"
28;"ODHE"
28;"LYRU"
28;"CLGA"
28;"ODHE"
28;"SOBE"
28;"NEGI"
28;"LYRU"
28;"CLGA"
28;"LYRU"
28;"ODHE"
28;"LYRU"
28;"NEGI"
28;"NEGI"
28;"MUER"
29;"PEMA"
29;"CLGA"
29;"PEMA"
29;"SOVA"
29;"CLGA"
29;"CLGA"
29;"LYRU"
29;"CLGA"
29;"TATO"
29;"CLGA"
29;"LYRU"
29;"SOVA"
29;"PEMA"
29;"ODHE"
29;"SPPU"
29;"LYRU"
29;"ODHE"
29;"ODHE"
29;"LYRU"
29;"SPPU"
29;"TATO"
29;"CLGA"
29;"CLGA"
29;"CLGA"
29;"LYRU"
29;"LYRU"
29;"CLGA"
29;"PEMA"
29;"SPPU"
29;"PEMA"
29;"TATO"
29;"ODHE"
29;"SOVA"
29;"SOVA"
29;"CLGA"
29;"PEMA"
29;"CLGA"
29;"PEMA"
29;"SOVA"
29;"PEMA"
29;"SOVA"
29;"TATO"
29;"PEMA"
29;"SPPU"
29;"SPPU"
30;"SOVA"
30;"SOVA"
31;"GLSA"
31;"SOMO"
31;"SOTR"
31;"SOTR"
31;"SOTR"
31;"SOMO"
31;"MILO"
31;"SOMO"
31;"GLSA"
31;"GLSA"
31;"GLSA"
31;"SOTR"
31;"SOMO"
31;"NEGI"
31;"NEGI"
31;"SOTR"
31;"URAM"
31;"GLSA"
31;"NEGI"
31;"NEGI"
31;"URAM"
31;"SOTR"
31;"URAM"
31;"URAM"
32;"APRU"
32;"PEMA"
32;"PEMA"
32;"PEMA"
32;"PEMA"
32;"ODHE"
32;"URAM"
32;"PEMA"
32;"PEMA"
32;"ODHE"
32;"APRU"
32;"PEMA"
32;"PEMA"
32;"PEMA"
32;"APRU"
32;"URAM"
32;"APRU"
32;"ODHE"
32;"PEMA"
32;"PEMA"
32;"ODHE"
32;"APRU"
32;"PEMA"
32;"PEMA"
32;"ODHE"
32;"ODHE"
32;"APRU"
32;"PEMA"
32;"APRU"
32;"APRU"
32;"APRU"
32;"URAM"
32;"ODHE"
32;"PEMA"
32;"PEMA"
32;"URAM"
32;"ODHE"
32;"ODHE"
32;"PEMA"
32;"APRU"
32;"ODHE"
32;"PEMA"
32;"APRU"
32;"PEMA"
32;"PEMA"
32;"APRU"
32;"PEMA"
32;"ODHE"
32;"PEMA"
32;"PEMA"
32;"APRU"
32;"URAM"
32;"PEMA"
32;"URAM"
32;"APRU"
32;"ODHE"
32;"PEMA"
32;"URAM"
32;"APRU"
33;"SPPU"
33;"SOBE"
33;"LYRU"
33;"CLGA"
33;"SOMO"
33;"LYRU"
33;"SOVA"
33;"APRU"
33;"MUER"
33;"SPPU"
33;"LYRU"
33;"ODHE"
33;"SOMO"
33;"URAM"
33;"SOVA"
33;"ODHE"
33;"LYRU"
33;"CLGA"
33;"SPPU"
33;"PEMA"
33;"PEMA"
33;"SPPU"
33;"SPPU"
33;"MUER"
33;"PEMA"
33;"CLGA"
33;"LYRU"
33;"SOBE"
33;"SOVA"
33;"URAM"
33;"SPPU"
33;"ODHE"
33;"SOTR"
33;"SOMO"
33;"LYRU"
33;"URAM"
33;"SOMO"
33;"SOMO"
33;"LYRU"
33;"MUER"
33;"SOVA"
33;"SOMO"
33;"LYRU"
33;"URAM"
33;"ODHE"
33;"SOBE"
33;"SPPU"
33;"PEMA"
33;"APRU"
33;"MUER"
33;"CLGA"
33;"MUER"
33;"SOBE"
33;"ODHE"
33;"APRU"
33;"LYRU"
33;"SPPU"
33;"MUER"
33;"SOVA"
33;"SPPU"
33;"PEMA"
33;"SOTR"
33;"LYRU"
33;"SOVA"
33;"ODHE"
33;"MUER"
33;"SOVA"
34;"SOMO"
34;"SOMO"
34;"SOMO"
34;"CLGA"
34;"ODHE"
34;"SOBE"
34;"CLGA"
34;"SOBE"
34;"ODHE"
34;"ODHE"
34;"ODHE"
34;"ODHE"
34;"MUER"
34;"CLGA"
34;"SOMO"
34;"ODHE"
34;"ODHE"
34;"TATO"
34;"CLGA"
34;"SOBE"
34;"ODHE"
34;"CLGA"
34;"ODHE"
34;"SOBE"
34;"TATO"
34;"CLGA"
34;"MUER"
34;"MUER"
34;"SOBE"
34;"CLGA"
34;"CLGA"
34;"MUER"
34;"CLGA"
34;"SOBE"
34;"CLGA"
34;"ODHE"
34;"TATO"
34;"ODHE"
34;"MUER"
34;"MUER"
34;"TATO"
34;"CLGA"
34;"MUER"
34;"ODHE"
34;"SOMO"
34;"MUER"
35;"MILO"
35;"ODHE"
35;"LYRU"
35;"TADO"
35;"SPPU"
35;"LYRU"
35;"GLSA"
35;"GLSA"
35;"SPPU"
35;"SOVA"
35;"ODHE"
35;"MILO"
35;"TADO"
35;"SOTR"
35;"SPPU"
35;"LYRU"
35;"LYRU"
35;"SPPU"
35;"MILO"
35;"PEMA"
35;"ODHE"
35;"PEMA"
35;"MILO"
35;"LYRU"
35;"MILO"
35;"MILO"
35;"LYRU"
35;"MILO"
35;"ODHE"
35;"GLSA"
35;"SPPU"
35;"SPPU"
36;"GLSA"
36;"URAM"
36;"URAM"
36;"APRU"
36;"URAM"
36;"ODHE"
36;"ODHE"
36;"URAM"
36;"ODHE"
36;"APRU"
36;"APRU"
36;"ODHE"
36;"ODHE"
36;"URAM"
36;"APRU"
36;"PEMA"
36;"ODHE"
36;"ODHE"
36;"GLSA"
36;"PEMA"
36;"GLSA"
36;"URAM"
36;"PEMA"
36;"GLSA"
36;"PEMA"
36;"URAM"
36;"ODHE"
36;"ODHE"
36;"PEMA"
36;"PEMA"
36;"ODHE"
36;"ODHE"
36;"GLSA"
36;"ODHE"
36;"URAM"
36;"URAM"
36;"PEMA"
36;"PEMA"
36;"APRU"
36;"GLSA"
36;"GLSA"
36;"GLSA"
36;"GLSA"
36;"GLSA"
36;"ODHE"
36;"ODHE"
36;"GLSA"
36;"PEMA"
36;"ODHE"
36;"ODHE"
36;"ODHE"
36;"GLSA"
36;"ODHE"
36;"PEMA"
36;"URAM"
36;"APRU"
36;"PEMA"
36;"APRU"
37;"SOBE"
37;"SOMO"
37;"SOBE"
37;"SOMO"
37;"SPPU"
37;"ODHE"
38;"GLSA"
38;"APRU"
38;"URAM"
38;"MILO"
38;"PEMA"
38;"APRU"
38;"MILO"
38;"CLGA"
38;"GLSA"
38;"CLGA"
38;"MILO"
38;"SOVA"
38;"APRU"
38;"APRU"
38;"URAM"
38;"CLGA"
38;"CLGA"
38;"CLGA"
38;"URAM"
38;"CLGA"
38;"CLGA"
38;"MILO"
38;"MILO"
38;"CLGA"
38;"SOTR"
38;"GLSA"
38;"MILO"
38;"SOVA"
38;"MILO"
38;"SOVA"
38;"MILO"
38;"CLGA"
38;"CLGA"
38;"TATO"
38;"APRU"
38;"PEMA"
38;"APRU"
39;"PEMA"
39;"MILO"
39;"MILO"
39;"SOBE"
39;"SOBE"
39;"PEMA"
39;"PEOR"
39;"MILO"
39;"SOMO"
39;"PEMA"
39;"PEMA"
39;"PEOR"
39;"MILO"
39;"SOBE"
39;"PEOR"
39;"PEMA"
39;"PEMA"
39;"PEMA"
39;"PEMA"
39;"PEOR"
39;"PEMA"
39;"SOMO"
39;"PEOR"
39;"PEOR"
39;"APRU"
39;"APRU"
39;"MILO"
39;"SOBE"
39;"PEMA"
39;"APRU"
39;"PEOR"
39;"MILO"
39;"SOBE"
39;"SOMO"
39;"PEMA"
39;"APRU"
39;"PEMA"
39;"MILO"
39;"APRU"
39;"PEOR"
39;"SOBE"
39;"PEOR"
39;"SOMO"
39;"PEOR"
39;"APRU"
39;"SOMO"
39;"PEMA"
39;"SOBE"
39;"MILO"
39;"SOBE"
39;"SOBE"
39;"APRU"
40;"SOVA"
40;"LYRU"
40;"SOVA"
40;"SOMO"
40;"SOMO"
40;"SOBE"
40;"SOVA"
40;"SOVA"
40;"SOMO"
40;"SOVA"
40;"SOVA"
40;"SOVA"
40;"SOVA"
40;"SOVA"
40;"SOVA"
40;"SOVA"
40;"SOBE"
40;"LYRU"
40;"SOVA"
40;"SOMO"
40;"SOVA"
40;"SOMO"
40;"SOVA"
40;"SOVA"
40;"SOMO"
40;"LYRU"
40;"SOBE"
40;"SOVA"
40;"SOVA"
40;"SOBE"
41;"SOVA"
41;"SOMO"
41;"MILO"
41;"MILO"
41;"SOVA"
41;"SOMO"
41;"MILO"
41;"MUER"
41;"SOBE"
41;"SOMO"
41;"SOMO"
41;"MILO"
41;"MILO"
41;"SPPU"
41;"SOVA"
41;"SOBE"
41;"SOBE"
41;"MILO"
41;"SOMO"
41;"SOVA"
41;"SOBE"
41;"SOMO"
41;"SPPU"
42;"LYRU"
42;"MUER"
42;"MUER"
42;"LYRU"
42;"SOVA"
42;"MUER"
42;"SOVA"
42;"SOMO"
42;"LYRU"
42;"MUER"
42;"MUER"
42;"URAM"
42;"MUER"
42;"MUER"
42;"URAM"
42;"SOVA"
42;"URAM"
42;"SOMO"
42;"MUER"
42;"MUER"
42;"URAM"
42;"LYRU"
42;"MUER"
42;"SOMO"
42;"MUER"
42;"TADO"
42;"URAM"
42;"MUER"
42;"MUER"
42;"MUER"
42;"MUER"
42;"LYRU"
42;"SOVA"
42;"URAM"
42;"MUER"
42;"MUER"
42;"LYRU"
42;"URAM"
42;"SOVA"
42;"TADO"
42;"LYRU"
42;"SOMO"
42;"MUER"
42;"SOVA"
42;"TADO"
42;"TADO"
42;"MUER"
42;"MUER"
42;"URAM"
42;"SOVA"
42;"URAM"
42;"MUER"
42;"TADO"
42;"MUER"
42;"TADO"
42;"MUER"
42;"MUER"
42;"MUER"
42;"LYRU"
42;"MUER"
42;"URAM"
42;"SOVA"
42;"URAM"
42;"TADO"
42;"URAM"
42;"MUER"
42;"TADO"
42;"MUER"
42;"SOVA"
42;"MUER"
42;"URAM"
42;"SOMO"
42;"MUER"
42;"URAM"
42;"SOVA"
43;"SPPU"
43;"TATO"
43;"SOMO"
43;"ODHE"
43;"SOMO"
43;"SOMO"
43;"SOMO"
43;"NEGI"
43;"SPPU"
43;"SOMO"
43;"ODHE"
43;"TATO"
43;"SOMO"
43;"SOMO"
43;"TATO"
43;"TATO"
43;"SPPU"
43;"ODHE"
44;"LYRU"
44;"PEMA"
44;"SOVA"
44;"LYRU"
44;"LYRU"
44;"TADO"
44;"SOTR"
44;"APRU"
44;"APRU"
44;"LYRU"
44;"PEMA"
44;"TADO"
44;"LYRU"
44;"APRU"
44;"PEMA"
44;"SOTR"
44;"TADO"
44;"SPPU"
44;"APRU"
44;"SOVA"
44;"PEMA"
44;"MILO"
44;"LYRU"
44;"LYRU"
44;"APRU"
44;"MILO"
44;"MILO"
44;"TATO"
44;"SOTR"
44;"SOTR"
44;"TADO"
44;"SOTR"
44;"SOTR"
44;"TATO"
44;"SOVA"
44;"SPPU"
44;"LYRU"
44;"TATO"
44;"SOTR"
44;"SPPU"
44;"PEMA"
44;"LYRU"
44;"TADO"
44;"PEMA"
44;"LYRU"
44;"MILO"
44;"PEMA"
44;"MILO"
44;"SOTR"
44;"APRU"
44;"LYRU"
44;"APRU"
44;"SPPU"
44;"PEMA"
44;"SOVA"
45;"MUER"
45;"PEOR"
45;"TATO"
45;"APRU"
45;"SOBE"
45;"SOBE"
45;"PEOR"
45;"SOTR"
45;"TATO"
45;"MUER"
45;"TATO"
45;"MUER"
45;"SOVA"
45;"APRU"
45;"SOBE"
45;"SOTR"
45;"SOBE"
45;"SOBE"
45;"TATO"
45;"SOBE"
45;"LYRU"
45;"SOVA"
45;"LYRU"
45;"LYRU"
45;"SOVA"
45;"LYRU"
45;"SOVA"
45;"SOBE"
45;"TATO"
45;"SOBE"
45;"TATO"
45;"LYRU"
45;"LYRU"
45;"TATO"
45;"SOTR"
45;"APRU"
45;"LYRU"
45;"MUER"
45;"TATO"
45;"SOBE"
45;"SOBE"
46;"LYRU"
46;"CLGA"
46;"SOTR"
46;"MILO"
46;"APRU"
46;"SPPU"
46;"SOMO"
46;"LYRU"
46;"NEGI"
46;"LYRU"
46;"URAM"
46;"CLGA"
46;"SOMO"
46;"URAM"
46;"MILO"
46;"CLGA"
46;"SPPU"
46;"MILO"
46;"SOTR"
46;"MILO"
46;"MILO"
46;"LYRU"
46;"NEGI"
46;"MILO"
46;"SPPU"
46;"GLSA"
46;"SPPU"
46;"SOTR"
46;"SPPU"
46;"SOMO"
46;"NEGI"
46;"SOTR"
46;"CLGA"
46;"URAM"
46;"NEGI"
46;"SOTR"
46;"LYRU"
46;"MILO"
46;"SPPU"
46;"LYRU"
46;"MILO"
46;"SOMO"
46;"MILO"
46;"NEGI"
47;"APRU"
47;"MILO"
47;"APRU"
47;"APRU"
47;"ODHE"
47;"GLSA"
47;"APRU"
47;"MILO"
47;"GLSA"
47;"APRU"
47;"MILO"
47;"ODHE"
47;"GLSA"
47;"SPPU"
47;"APRU"
47;"GLSA"
47;"GLSA"
47;"SOVA"
47;"MILO"
47;"MILO"
47;"SOVA"
47;"SOVA"
47;"SOVA"
47;"MILO"
47;"SOVA"
47;"APRU"
47;"APRU"
47;"GLSA"
47;"SOVA"
47;"ODHE"
47;"SPPU"
47;"SPPU"
47;"ODHE"
47;"APRU"
47;"APRU"
47;"ODHE"
47;"SPPU"
47;"SOVA"
47;"GLSA"
47;"APRU"
47;"MILO"
47;"MILO"
47;"APRU"
47;"SPPU"
47;"APRU"
47;"GLSA"
47;"MILO"
47;"MILO"
47;"ODHE"
47;"SPPU"
47;"SPPU"
47;"SPPU"
47;"APRU"
47;"APRU"
47;"SPPU"
47;"MILO"
47;"SOVA"
47;"APRU"
47;"ODHE"
47;"SPPU"
47;"APRU"
47;"ODHE"
47;"ODHE"
47;"ODHE"
47;"APRU"
47;"SOVA"
47;"SPPU"
48;"ODHE"
48;"NEGI"
48;"ODHE"
48;"SOMO"
48;"ODHE"
48;"ODHE"
48;"TADO"
48;"SPPU"
48;"ODHE"
48;"PEOR"
48;"MUER"
48;"SPPU"
48;"SOVA"
48;"PEOR"
48;"URAM"
48;"LYRU"
49;"NEGI"
49;"URAM"
49;"GLSA"
49;"GLSA"
49;"MILO"
49;"MILO"
50;"LYRU"
50;"SOTR"
50;"LYRU"
50;"SOVA"
50;"SOVA"
50;"SOVA"
50;"SOTR"
50;"URAM"
50;"LYRU"
50;"MILO"
50;"SOTR"
50;"GLSA"
50;"SOVA"
50;"URAM"
50;"LYRU"
50;"LYRU"
50;"LYRU"
50;"SOMO"
50;"GLSA"
50;"SOMO"
50;"SOVA"
50;"MILO"
50;"SOTR"
50;"SOMO"
50;"SOVA"
50;"SOTR"
50;"SOMO"
50;"MILO"
50;"MILO"
50;"MILO"
51;"ODHE"
51;"ODHE"
51;"MILO"
51;"ODHE"
51;"APRU"
51;"ODHE"
51;"ODHE"
51;"ODHE"
51;"ODHE"
51;"APRU"
51;"ODHE"
51;"APRU"
51;"ODHE"
51;"SPPU"
51;"APRU"
51;"ODHE"
51;"ODHE"
51;"ODHE"
51;"SPPU"
51;"SPPU"
51;"MILO"
51;"ODHE"
51;"SPPU"
51;"MILO"
51;"ODHE"
51;"SPPU"
51;"APRU"
51;"ODHE"
51;"APRU"
51;"SPPU"
51;"ODHE"
51;"SPPU"
51;"SPPU"
51;"MILO"
51;"ODHE"
51;"MILO"
51;"SPPU"
51;"ODHE"
51;"MILO"
51;"ODHE"
51;"SPPU"
51;"SPPU"
51;"ODHE"
51;"ODHE"
51;"MILO"
51;"MILO"
51;"MILO"
51;"ODHE"
51;"ODHE"
51;"SPPU"
51;"SPPU"
51;"ODHE"
51;"ODHE"
51;"SPPU"
51;"ODHE"
51;"SPPU"
51;"APRU"
52;"TADO"
52;"NEGI"
52;"TADO"
52;"TADO"
52;"NEGI"
52;"TADO"
52;"NEGI"
52;"TADO"
52;"TADO"
52;"NEGI"
52;"TADO"
52;"TADO"
52;"TADO"
52;"TADO"
52;"TADO"
52;"TADO"
52;"NEGI"
52;"TADO"
52;"TADO"
52;"TADO"
52;"TADO"
52;"TADO"
52;"TADO"
52;"TADO"
52;"TADO"
52;"TADO"
52;"NEGI"
52;"NEGI"
52;"NEGI"
52;"TADO"
52;"NEGI"
52;"TADO"
53;"SPPU"
53;"SOMO"
53;"TADO"
53;"TADO"
53;"SPPU"
53;"APRU"
53;"TADO"
53;"TATO"
53;"SOMO"
53;"SOMO"
53;"TATO"
53;"SPPU"
53;"TATO"
53;"SOMO"
53;"APRU"
53;"TADO"
53;"TATO"
53;"TATO"
53;"SPPU"
53;"SOMO"
53;"SPPU"
53;"APRU"
53;"SOMO"
53;"TATO"
53;"SOMO"
53;"TATO"
53;"SOMO"
53;"SPPU"
53;"APRU"
53;"APRU"
53;"SOMO"
53;"TATO"
53;"SPPU"
53;"TADO"
53;"APRU"
53;"TATO"
53;"SPPU"
53;"SOMO"
53;"TATO"
53;"APRU"
54;"TATO"
54;"MILO"
54;"SOVA"
54;"TATO"
54;"MILO"
54;"TATO"
54;"PEMA"
54;"PEMA"
54;"SOVA"
54;"PEMA"
54;"PEMA"
54;"PEMA"
54;"TATO"
54;"APRU"
54;"SOVA"
54;"PEMA"
54;"SOVA"
54;"MILO"
54;"MILO"
54;"MILO"
54;"TATO"
54;"NEGI"
54;"PEMA"
54;"PEMA"
54;"SOVA"
54;"SOVA"
54;"APRU"
54;"MILO"
54;"TATO"
54;"SOVA"
54;"TATO"
54;"NEGI"
54;"NEGI"
54;"APRU"
54;"MILO"
54;"TATO"
54;"NEGI"
54;"TATO"
54;"TATO"
54;"SOVA"
54;"NEGI"
54;"MILO"
54;"APRU"
54;"SOVA"
54;"SOVA"
54;"SOVA"
54;"PEMA"
54;"PEMA"
54;"MILO"
54;"NEGI"
54;"NEGI"
54;"SOVA"
54;"PEMA"
54;"MILO"
54;"NEGI"
54;"SOVA"
54;"MILO"
54;"APRU"
54;"MILO"
54;"TATO"
54;"MILO"
54;"MILO"
54;"SOVA"
54;"PEMA"
54;"SOVA"
54;"MILO"
54;"NEGI"
54;"MILO"
54;"NEGI"
54;"NEGI"
54;"MILO"
54;"MILO"
55;"SOVA"
55;"LYRU"
55;"LYRU"
55;"PEMA"
55;"LYRU"
55;"PEMA"
55;"LYRU"
55;"LYRU"
55;"SOBE"
55;"SOBE"
55;"PEMA"
55;"LYRU"
55;"LYRU"
55;"SOBE"
55;"SOVA"
55;"SOVA"
55;"SOBE"
55;"PEMA"
55;"SOVA"
55;"PEMA"
55;"SOVA"
56;"SOMO"
56;"SOMO"
56;"SPPU"
56;"SOVA"
56;"SOMO"
56;"GLSA"
56;"SOBE"
56;"SOBE"
56;"SOTR"
56;"SOTR"
56;"LYRU"
56;"SPPU"
56;"SPPU"
56;"SPPU"
56;"SOTR"
56;"SOTR"
56;"SOMO"
56;"LYRU"
56;"SOMO"
56;"SOVA"
57;"MUER"
57;"GLSA"
57;"MILO"
57;"MUER"
57;"TATO"
57;"MUER"
57;"MILO"
57;"MUER"
57;"MUER"
57;"SOTR"
57;"TADO"
57;"SOTR"
57;"MUER"
57;"TADO"
57;"TADO"
57;"MILO"
57;"MUER"
58;"ODHE"
58;"ODHE"
58;"SOTR"
58;"ODHE"
58;"URAM"
58;"URAM"
58;"ODHE"
58;"GLSA"
58;"URAM"
58;"SOTR"
58;"URAM"
58;"SOTR"
58;"URAM"
58;"GLSA"
58;"SOTR"
58;"GLSA"
58;"SPPU"
58;"URAM"
58;"MILO"
58;"URAM"
58;"URAM"
58;"URAM"
58;"URAM"
58;"MILO"
58;"URAM"
58;"URAM"
58;"SPPU"
58;"SPPU"
58;"ODHE"
58;"SPPU"
58;"ODHE"
58;"URAM"
58;"URAM"
58;"TADO"
58;"MILO"
58;"SOTR"
58;"ODHE"
58;"ODHE"
58;"GLSA"
58;"ODHE"
58;"URAM"
58;"SOTR"
58;"TADO"
58;"ODHE"
59;"URAM"
59;"URAM"
59;"URAM"
59;"CLGA"
59;"URAM"
59;"CLGA"
59;"URAM"
59;"URAM"
59;"CLGA"
59;"URAM"
59;"URAM"
59;"URAM"
59;"CLGA"
59;"CLGA"
59;"CLGA"
59;"CLGA"
59;"URAM"
59;"CLGA"
59;"URAM"
59;"URAM"
59;"CLGA"
59;"URAM"
59;"CLGA"
59;"CLGA"
59;"URAM"
59;"URAM"
59;"URAM"
59;"URAM"
59;"CLGA"
59;"URAM"
59;"CLGA"
59;"CLGA"
59;"URAM"
59;"URAM"
59;"URAM"
59;"URAM"
60;"SPPU"
60;"APRU"
60;"GLSA"
60;"SOVA"
60;"PEMA"
60;"APRU"
60;"MILO"
60;"PEOR"
60;"PEMA"
60;"GLSA"
60;"PEMA"
60;"APRU"
60;"SOBE"
60;"SOBE"
60;"GLSA"
60;"MILO"
60;"PEOR"
60;"PEOR"
60;"PEMA"
60;"SOBE"
60;"GLSA"
60;"SPPU"
60;"PEMA"
60;"MILO"
60;"SOVA"
60;"PEMA"
60;"APRU"
60;"SOVA"
60;"MILO"
60;"MILO"
60;"SOBE"
60;"APRU"
60;"SPPU"
60;"SOVA"
60;"SOBE"
60;"PEMA"
60;"MILO"
60;"SPPU"
60;"SOBE"
60;"MILO"
60;"SPPU"
60;"APRU"
60;"URAM"
60;"PEMA"
60;"MILO"
61;"MUER"
61;"MUER"
61;"SOMO"
61;"PEOR"
61;"SOMO"
61;"PEMA"
61;"APRU"
61;"SOTR"
61;"TATO"
61;"MUER"
61;"MUER"
61;"SOTR"
61;"MILO"
61;"GLSA"
61;"GLSA"
62;"SOBE"
62;"SOBE"
62;"SOBE"
62;"SOBE"
62;"SOBE"
62;"SOBE"
62;"SOBE"
62;"SOBE"
62;"SOBE"
62;"SOBE"
62;"SOBE"
62;"SOBE"
62;"SOBE"
62;"SOBE"
62;"SOBE"
62;"SOBE"
62;"SOBE"
62;"SOBE"
62;"SOBE"
62;"SOBE"
62;"SOBE"
62;"SOBE"
62;"SOBE"
62;"SOBE"
62;"SOBE"
62;"SOBE"
62;"SOBE"
62;"SOBE"
62;"SOBE"
62;"SOBE"
62;"SOBE"
62;"SOBE"
62;"SOBE"
62;"SOBE"
62;"SOBE"
62;"SOBE"
62;"SOBE"
62;"SOBE"
62;"SOBE"
62;"SOBE"
62;"SOBE"
62;"SOBE"
62;"SOBE"
62;"SOBE"
62;"SOBE"
62;"SOBE"
62;"SOBE"
62;"SOBE"
62;"SOBE"
62;"SOBE"
62;"SOBE"
62;"SOBE"
63;"MUER"
63;"URAM"
63;"MUER"
63;"TADO"
63;"SOVA"
63;"MILO"
63;"SPPU"
63;"MILO"
63;"SOVA"
63;"MILO"
63;"URAM"
63;"ODHE"
63;"TATO"
63;"NEGI"
63;"TADO"
63;"SPPU"
63;"SOVA"
63;"TADO"
63;"TATO"
63;"MILO"
63;"SOVA"
63;"TATO"
63;"URAM"
63;"TADO"
63;"MILO"
63;"SPPU"
63;"TADO"
63;"SOVA"
63;"TADO"
63;"URAM"
63;"TATO"
63;"MUER"
63;"TATO"
63;"TADO"
63;"URAM"
63;"TATO"
63;"ODHE"
63;"SPPU"
63;"TATO"
63;"MUER"
63;"TATO"
63;"NEGI"
64;"TADO"
64;"MILO"
64;"GLSA"
64;"MILO"
64;"TADO"
64;"MILO"
64;"TATO"
64;"MILO"
64;"MILO"
64;"TADO"
64;"MILO"
64;"TADO"
64;"TATO"
64;"GLSA"
64;"TATO"
64;"MILO"
64;"MILO"
64;"MILO"
64;"TATO"
64;"MILO"
64;"MILO"
64;"TATO"
64;"MILO"
64;"MILO"
64;"MILO"
64;"TADO"
64;"MILO"
64;"TADO"
64;"TADO"
64;"MILO"
64;"GLSA"
64;"MILO"
64;"TADO"
64;"MILO"
64;"GLSA"
64;"MILO"
64;"GLSA"
64;"MILO"
64;"MILO"
64;"TADO"
64;"TATO"
64;"TADO"
64;"GLSA"
64;"TATO"
64;"TADO"
64;"TATO"
64;"MILO"
64;"TATO"
64;"TADO"
64;"MILO"
64;"GLSA"
64;"GLSA"
64;"MILO"
64;"TADO"
65;"SOVA"
65;"SOVA"
65;"SOVA"
65;"SOVA"
65;"SOVA"
65;"MILO"
65;"SOVA"
65;"MILO"
65;"MILO"
65;"SOVA"
65;"SOVA"
65;"SOVA"
65;"MILO"
65;"SOVA"
65;"SOVA"
65;"SOVA"
65;"SOVA"
65;"SOVA"
65;"SOVA"
65;"SOVA"
65;"MILO"
65;"MILO"
65;"MILO"
65;"MILO"
65;"SOVA"
65;"SOVA"
65;"SOVA"
65;"SOVA"
65;"MILO"
65;"SOVA"
65;"MILO"
65;"MILO"
65;"SOVA"
65;"MILO"
65;"MILO"
65;"SOVA"
65;"MILO"
65;"MILO"
65;"SOVA"
65;"MILO"
65;"SOVA"
65;"MILO"
65;"MILO"
65;"SOVA"
65;"SOVA"
65;"SOVA"
65;"MILO"
65;"SOVA"
65;"MILO"
66;"CLGA"
66;"TADO"
66;"TATO"
66;"ODHE"
66;"SPPU"
66;"LYRU"
66;"URAM"
66;"SPPU"
66;"PEOR"
66;"CLGA"
66;"TATO"
66;"URAM"
66;"ODHE"
66;"ODHE"
66;"CLGA"
66;"ODHE"
66;"TADO"
66;"ODHE"
66;"SPPU"
66;"CLGA"
66;"NEGI"
66;"TADO"
66;"SOTR"
66;"ODHE"
66;"SOTR"
66;"CLGA"
66;"LYRU"
66;"ODHE"
66;"NEGI"
66;"APRU"
66;"ODHE"
66;"PEOR"
66;"SOBE"
66;"TATO"
66;"SPPU"
66;"URAM"
66;"URAM"
66;"NEGI"
66;"SOBE"
67;"CLGA"
67;"TADO"
67;"ODHE"
67;"CLGA"
67;"SPPU"
67;"SPPU"
67;"CLGA"
67;"TADO"
67;"ODHE"
67;"SOBE"
67;"CLGA"
67;"CLGA"
67;"ODHE"
67;"TADO"
67;"SPPU"
67;"ODHE"
67;"CLGA"
67;"TADO"
68;"NEGI"
68;"NEGI"
68;"PEMA"
68;"SPPU"
68;"SPPU"
68;"SOBE"
68;"NEGI"
68;"SPPU"
68;"LYRU"
68;"LYRU"
68;"PEMA"
68;"ODHE"
68;"SPPU"
68;"PEMA"
68;"PEMA"
68;"PEMA"
68;"LYRU"
68;"ODHE"
68;"LYRU"
68;"LYRU"
68;"LYRU"
68;"LYRU"
68;"SOBE"
69;"TATO"
69;"SOVA"
69;"PEMA"
69;"TATO"
69;"PEMA"
69;"TATO"
69;"PEMA"
69;"PEMA"
69;"MILO"
69;"SOVA"
69;"TATO"
69;"PEMA"
69;"SOVA"
69;"PEMA"
69;"MILO"
69;"SOVA"
69;"MILO"
69;"SOVA"
69;"SOVA"
69;"SOVA"
69;"SOVA"
69;"MILO"
69;"PEMA"
69;"PEMA"
69;"SOVA"
69;"PEMA"
69;"SOVA"
69;"PEMA"
69;"TATO"
69;"MILO"
69;"TATO"
69;"SOVA"
69;"MILO"
69;"PEMA"
69;"MILO"
69;"MILO"
69;"TATO"
69;"MILO"
69;"SOVA"
69;"SOVA"
69;"SOVA"
69;"SOVA"
69;"MILO"
69;"SOVA"
69;"SOVA"
69;"PEMA"
69;"SOVA"
69;"PEMA"
69;"SOVA"
69;"PEMA"
69;"SOVA"
69;"TATO"
69;"SOVA"
69;"SOVA"
69;"MILO"
69;"TATO"
69;"MILO"
69;"TATO"
69;"SOVA"
69;"PEMA"
69;"SOVA"
69;"TATO"
69;"TATO"
69;"SOVA"
69;"TATO"
69;"MILO"
69;"SOVA"
69;"MILO"
69;"PEMA"
69;"SOVA"
69;"PEMA"
69;"SOVA"
69;"SOVA"
69;"PEMA"
69;"TATO"
69;"PEMA"
70;"PEMA"
70;"ODHE"
70;"SOTR"
70;"SOTR"
70;"MILO"
70;"ODHE"
70;"SOTR"
70;"MILO"
70;"PEMA"
70;"ODHE"
70;"SPPU"
70;"ODHE"
70;"MUER"
70;"SOTR"
70;"PEMA"
71;"PEMA"
71;"SOVA"
71;"SOVA"
71;"SOVA"
71;"PEMA"
71;"LYRU"
71;"TATO"
71;"LYRU"
71;"TATO"
71;"SOVA"
71;"URAM"
71;"URAM"
71;"TATO"
71;"URAM"
71;"TATO"
71;"URAM"
71;"SOVA"
71;"LYRU"
71;"LYRU"
71;"LYRU"
71;"LYRU"
71;"PEMA"
71;"PEMA"
71;"URAM"
72;"MUER"
72;"SOBE"
72;"SOVA"
72;"PEOR"
72;"SOBE"
72;"SOVA"
72;"SOBE"
72;"SOVA"
72;"SOBE"
72;"SOBE"
72;"MUER"
72;"MUER"
72;"LYRU"
72;"MUER"
72;"SOVA"
72;"MUER"
72;"MUER"
72;"SOVA"
72;"SOBE"
72;"SOBE"
72;"MUER"
72;"LYRU"
72;"MUER"
72;"LYRU"
72;"MUER"
72;"SOBE"
72;"PEOR"
72;"SOVA"
72;"LYRU"
72;"MUER"
72;"SOVA"
72;"LYRU"
72;"SOBE"
72;"PEOR"
72;"SOVA"
72;"SOVA"
72;"LYRU"
72;"PEOR"
72;"SOBE"
72;"SOVA"
72;"SOVA"
72;"PEOR"
72;"LYRU"
72;"SOBE"
72;"PEOR"
72;"SOVA"
72;"SOVA"
72;"PEOR"
72;"LYRU"
72;"SOBE"
72;"SOBE"
72;"SOVA"
72;"PEOR"
72;"SOVA"
72;"PEOR"
72;"LYRU"
72;"PEOR"
72;"SOVA"
72;"MUER"
72;"MUER"
72;"PEOR"
72;"PEOR"
72;"SOBE"
72;"MUER"
72;"LYRU"
72;"SOBE"
72;"SOVA"
72;"SOBE"
73;"SOBE"
73;"SOBE"
73;"ODHE"
73;"APRU"
73;"SOBE"
73;"SOBE"
73;"SOBE"
73;"SOBE"
73;"SOBE"
73;"SOBE"
73;"APRU"
73;"SOBE"
73;"ODHE"
73;"SOBE"
73;"SOBE"
73;"ODHE"
73;"APRU"
73;"SOBE"
73;"ODHE"
73;"SOBE"
73;"SOMO"
73;"ODHE"
73;"SOMO"
73;"APRU"
73;"SOBE"
73;"SOBE"
73;"SOMO"
73;"SOBE"
73;"SOBE"
73;"SOMO"
73;"SOMO"
73;"SOMO"
73;"APRU"
73;"SOMO"
73;"SOBE"
73;"SOMO"
73;"SOBE"
73;"SOMO"
73;"GLSA"
73;"SOBE"
73;"SOBE"
73;"ODHE"
73;"SOMO"
73;"SOBE"
73;"ODHE"
73;"APRU"
73;"SOBE"
73;"SOBE"
73;"SOMO"
73;"SOMO"
73;"SOBE"
73;"SOBE"
73;"SOBE"
73;"SOMO"
73;"SOBE"
73;"ODHE"
73;"SOBE"
73;"APRU"
73;"SOMO"
73;"ODHE"
73;"SOBE"
73;"SOMO"
73;"SOBE"
73;"SOMO"
74;"GLSA"
74;"TADO"
74;"PEOR"
74;"NEGI"
74;"TADO"
74;"PEOR"
74;"SOBE"
74;"PEOR"
74;"PEOR"
74;"SOVA"
74;"PEOR"
74;"GLSA"
74;"GLSA"
74;"SOVA"
74;"PEOR"
74;"TADO"
74;"SOBE"
74;"SOBE"
74;"GLSA"
74;"SOVA"
74;"PEOR"
74;"NEGI"
74;"PEOR"
74;"SOVA"
74;"NEGI"
74;"GLSA"
74;"PEOR"
74;"PEOR"
74;"TADO"
74;"GLSA"
74;"NEGI"
74;"SOBE"
74;"GLSA"
74;"PEOR"
74;"SOVA"
74;"TADO"
74;"NEGI"
74;"NEGI"
74;"PEOR"
74;"NEGI"
74;"PEOR"
74;"NEGI"
74;"NEGI"
74;"PEOR"
74;"PEOR"
74;"PEOR"
74;"NEGI"
74;"SOVA"
74;"NEGI"
74;"PEOR"
74;"SOVA"
74;"NEGI"
74;"TADO"
74;"GLSA"
74;"SOBE"
74;"GLSA"
74;"PEOR"
74;"GLSA"
74;"GLSA"
74;"SOVA"
74;"GLSA"
74;"NEGI"
74;"SOBE"
74;"SOBE"
74;"PEOR"
74;"SOBE"
74;"SOBE"
74;"NEGI"
74;"SOBE"
74;"PEOR"
74;"NEGI"
75;"GLSA"
75;"APRU"
75;"SOVA"
75;"PEMA"
75;"MILO"
75;"GLSA"
75;"CLGA"
75;"NEGI"
75;"MILO"
75;"MILO"
75;"MILO"
75;"GLSA"
75;"GLSA"
75;"SOBE"
75;"MUER"
75;"APRU"
75;"APRU"
75;"GLSA"
75;"MILO"
75;"CLGA"
75;"CLGA"
75;"NEGI"
75;"MUER"
76;"SOTR"
76;"SOTR"
76;"NEGI"
76;"ODHE"
76;"SOTR"
76;"NEGI"
76;"NEGI"
76;"ODHE"
76;"ODHE"
76;"SOTR"
76;"NEGI"
76;"ODHE"
76;"ODHE"
76;"ODHE"
76;"NEGI"
76;"ODHE"
76;"NEGI"
76;"ODHE"
76;"SOTR"
76;"ODHE"
76;"SOTR"
76;"NEGI"
76;"NEGI"
76;"SOTR"
76;"NEGI"
76;"ODHE"
76;"ODHE"
76;"NEGI"
76;"SOTR"
76;"ODHE"
76;"SOTR"
76;"ODHE"
76;"SOTR"
76;"ODHE"
76;"NEGI"
76;"SOTR"
76;"ODHE"
76;"NEGI"
76;"SOTR"
76;"SOTR"
76;"SOTR"
76;"SOTR"
76;"NEGI"
76;"ODHE"
76;"NEGI"
76;"SOTR"
76;"SOTR"
76;"SOTR"
76;"ODHE"
76;"ODHE"
76;"ODHE"
76;"NEGI"
76;"NEGI"
76;"ODHE"
77;"SPPU"
77;"SOTR"
77;"SPPU"
77;"SPPU"
77;"SPPU"
77;"NEGI"
77;"PEOR"
77;"PEMA"
77;"SOTR"
77;"SPPU"
77;"PEOR"
77;"NEGI"
77;"CLGA"
77;"PEMA"
77;"SOTR"
77;"SPPU"
77;"PEMA"
77;"URAM"
77;"NEGI"
77;"NEGI"
77;"CLGA"
77;"CLGA"
77;"URAM"
77;"SOTR"
77;"URAM"
77;"CLGA"
77;"PEMA"
77;"SOTR"
77;"SOTR"
77;"SOTR"
77;"SPPU"
77;"SPPU"
77;"SPPU"
77;"SPPU"
77;"MILO"
77;"SOTR"
77;"CLGA"
77;"MILO"
77;"NEGI"
77;"NEGI"
77;"NEGI"
77;"URAM"
77;"SPPU"
77;"PEMA"
77;"URAM"
77;"PEOR"
77;"SOTR"
77;"SOTR"
77;"SPPU"
77;"SOTR"
77;"SOTR"
77;"NEGI"
77;"SOTR"
78;"CLGA"
78;"SOTR"
78;"CLGA"
78;"SOTR"
78;"SOTR"
78;"SOTR"
78;"SOTR"
78;"SOTR"
78;"SOTR"
78;"CLGA"
78;"SOTR"
78;"CLGA"
78;"SOTR"
78;"CLGA"
78;"CLGA"
78;"SOTR"
78;"CLGA"
78;"CLGA"
78;"SOTR"
78;"SOTR"
78;"SOTR"
78;"SOTR"
78;"CLGA"
78;"SOTR"
78;"CLGA"
78;"CLGA"
78;"CLGA"
78;"SOTR"
78;"CLGA"
78;"SOTR"
78;"SOTR"
78;"SOTR"
78;"CLGA"
78;"SOTR"
79;"SPPU"
79;"NEGI"
79;"LYRU"
79;"SPPU"
79;"MUER"
79;"TATO"
79;"SOBE"
79;"PEMA"
79;"PEMA"
79;"MUER"
79;"MUER"
79;"MUER"
79;"LYRU"
79;"SOVA"
79;"PEMA"
79;"MUER"
79;"SOTR"
79;"PEMA"
79;"PEMA"
79;"TATO"
79;"LYRU"
79;"SOBE"
79;"SPPU"
79;"MUER"
79;"SOBE"
79;"PEMA"
79;"SPPU"
79;"MUER"
79;"NEGI"
79;"SPPU"
79;"TATO"
79;"SOMO"
79;"SPPU"
79;"SOTR"
79;"MUER"
79;"PEMA"
79;"PEMA"
79;"SPPU"
79;"SPPU"
79;"SOVA"
79;"SOVA"
79;"TATO"
79;"SOMO"
79;"PEMA"
79;"NEGI"
79;"LYRU"
79;"TATO"
79;"TATO"
79;"PEMA"
79;"PEMA"
79;"MUER"
79;"MUER"
80;"SOVA"
80;"TADO"
80;"MUER"
80;"ODHE"
80;"TADO"
80;"TATO"
80;"TATO"
80;"TATO"
80;"ODHE"
80;"NEGI"
80;"TADO"
80;"PEOR"
80;"TATO"
80;"SOTR"
80;"SOTR"
80;"URAM"
80;"NEGI"
80;"URAM"
80;"NEGI"
80;"SOVA"
80;"NEGI"
80;"SOVA"
80;"MUER"
80;"TATO"
80;"SOTR"
80;"LYRU"
80;"TADO"
80;"NEGI"
80;"MUER"
80;"TADO"
80;"PEOR"
80;"SOVA"
80;"LYRU"
80;"NEGI"
80;"MUER"
80;"URAM"
80;"TATO"
80;"TATO"
80;"URAM"
80;"TADO"
80;"PEOR"
80;"TADO"
80;"NEGI"
80;"ODHE"
80;"MUER"
80;"ODHE"
80;"ODHE"
80;"SOVA"
80;"TATO"
80;"ODHE"
80;"ODHE"
80;"LYRU"
80;"URAM"
80;"ODHE"
80;"TADO"
80;"LYRU"
80;"TADO"
80;"SOVA"
80;"PEOR"
80;"PEOR"
80;"TADO"
80;"NEGI"
80;"SOVA"
80;"TADO"
80;"SOTR"
80;"MUER"
80;"TATO"
80;"NEGI"
80;"PEOR"
80;"SOVA"
80;"NEGI"
80;"MUER"
80;"PEOR"
80;"SOTR"
80;"TADO"
80;"URAM"
80;"MUER"
80;"SOVA"
